identificativo;zona;familiari;reddito
AV677J;10;4;2112,24
DW441C;5;4;4567,31
HE643V;7;2;1799,82
HC796T;9;3;1562,48
KH991Q;10;1;4953,17
IP206E;3;4;4994,78
EC636F;4;4;1248,35
VL291F;1;2;1802,19
VJ885P;9;2;2475,66
PM364X;3;1;2360,05
FE339R;10;4;5974,75
EI443R;9;3;2108,15
YQ310Q;6;1;4416,17
FM330H;7;1;1481,43
VI196T;7;2;1125,35
GB242D;5;2;3568,83
LS756H;3;1;5703,69
OQ624Z;4;4;5624,67
EU411H;2;4;3142,47
GI185I;7;1;3014,47
MK138Q;9;1;1558,41
XL688H;9;2;3869
HL667N;9;4;4473,38
WX215I;7;1;5765,75
KA483D;9;2;2364,51
DR487C;4;2;2594,43
QD476S;2;2;1553,8
CH820C;6;2;2924,71
XN992I;9;1;1760,54
MF744B;7;3;5394,97
HY361H;7;2;3652,61
XI425R;10;4;5125,76
KU421U;10;2;5183,63
BE708I;4;4;1110,78
CT513M;10;1;1869,09
WM227M;1;4;3880,87
HE967A;2;2;4363,95
NZ701U;1;4;5878,54
RT313I;6;2;3495,7
QU439P;9;4;3344,64
SP313Y;2;4;3372,75
EN953P;4;4;2583,16
VX320N;5;1;3810,38
RY462M;1;1;1179,39
SU970Z;1;4;4660,83
GK230J;4;2;5018,03
SN915K;7;4;2275,3
VT106V;3;4;5559,3
UH972A;9;4;1630,7
RA106Z;7;3;1626,65
YR221K;1;2;2427,43
GR864J;8;4;1728,76
TB682T;1;3;5718,76
UN787X;5;4;4594,95
EG999X;7;2;1968,55
CF685R;10;1;1731,2
ZC434S;9;1;5673,91
KG416D;4;3;3850,22
RN100G;3;2;3602,61
JZ438V;10;2;1524,88
GK662S;9;1;1080,93
JN973C;6;2;2147,83
KD988W;1;2;1885,89
FJ395E;3;2;2358,36
QH270X;8;3;5381,21
VV668M;1;1;3178,92
BD823V;10;1;2203,94
IY815E;10;2;1098,94
CU414Z;2;1;1906,23
EL849C;2;1;3222,19
UJ347F;6;4;1325,78
EZ763S;2;3;2223,79
VF669J;5;1;5328,8
CS274Z;1;3;3707,93
OA164A;9;2;5023,26
FY367W;1;3;4695,9
ZK732J;6;4;1990,73
WY394O;8;4;1915,83
PN796R;1;2;3996,91
FE211Z;10;1;2960,78
JV733M;3;3;2094,81
DG192F;4;1;1000,88
YR852G;3;4;2205,65
MX722Q;6;1;3754,76
UQ988J;9;2;5529,74
AR531F;3;1;5197,13
HL130E;9;1;4026,32
JA141X;10;1;1992,83
OF684J;6;1;5398,42
BK252G;10;4;2781,58
NK298L;10;2;1633,06
NU386C;5;1;5623,78
JI237G;8;1;4931,12
WV853W;2;4;2722
GA893C;3;2;1606,67
HX864M;4;3;5556,18
AD893N;8;4;4332,89
CL129T;6;3;1091,01
JD709C;6;3;3964,51
CG846V;2;2;4914,38
